{
    "recall_vs_K": [
        0.146062408960664,
        0.22825012878068143,
        0.28891242062296063,
        0.32870329000060877,
        0.3556370092329644,
        0.3774959582850752,
        0.396318754469875,
        0.4147709608983631,
        0.42314517961721804,
        0.43442220958182737,
        0.4466735468713453,
        0.4526778265622794,
        0.45845029109540375,
        0.4650940448137222,
        0.4716306868196759,
        0.4764437843162227,
        0.480994991449777,
        0.4910254042329706,
        0.4951878199923576,
        0.49952801488366827
    ],
    "precision_vs_K": [
        0.6,
        0.5191489361702127,
        0.46808510638297873,
        0.425531914893617,
        0.38382978723404254,
        0.3553191489361702,
        0.3325227963525836,
        0.31117021276595747,
        0.28652482269503543,
        0.26723404255319155,
        0.25415860735009665,
        0.23865248226950359,
        0.2248772504091653,
        0.21215805471124619,
        0.20198581560283688,
        0.1925531914893617,
        0.18448060075093864,
        0.17754137115839247,
        0.17088465845464726,
        0.16382978723404254
    ],
    "f1_vs_K": [
        0.2020905916690704,
        0.2620288093968855,
        0.29257255380953673,
        0.303824225876481,
        0.30346199089055587,
        0.3017979048673098,
        0.29945511037432293,
        0.2957927238604919,
        0.28514991649293214,
        0.2773986618987292,
        0.2730385560647987,
        0.26436265015971233,
        0.2557781913795326,
        0.24758332546226283,
        0.2411420830970618,
        0.23465193640882318,
        0.22885819957011055,
        0.22428368872546817,
        0.2190259878818018,
        0.2132548824147274
    ]
}