{
    "recall_vs_K": [
        0.37446808510638296,
        0.3659574468085106,
        0.31347517730496455,
        0.2702127659574468,
        0.23914893617021277,
        0.21773049645390072,
        0.20182370820668694,
        0.18351063829787234,
        0.17210401891252955,
        0.16,
        0.15125725338491297,
        0.1425531914893617,
        0.13453355155482816,
        0.1270516717325228,
        0.12113475177304965,
        0.11569148936170212,
        0.11013767209011265,
        0.1066193853427896,
        0.10257558790593505
    ],
    "precision_vs_K": [
        0.05092592592592592,
        0.09953703703703703,
        0.12789351851851852,
        0.14699074074074073,
        0.16261574074074073,
        0.17766203703703703,
        0.19212962962962962,
        0.1996527777777778,
        0.21064814814814814,
        0.2175925925925926,
        0.22627314814814814,
        0.2326388888888889,
        0.2378472222222222,
        0.24189814814814814,
        0.24710648148148148,
        0.2517361111111111,
        0.25462962962962965,
        0.26099537037037035,
        0.2650462962962963
    ],
    "f1_vs_K": [
        0.08965868568517575,
        0.1565059144676979,
        0.1816687217427045,
        0.19040479760119938,
        0.19359283499827762,
        0.19566602931803698,
        0.19685739697598573,
        0.19124168514412415,
        0.18943533697632056,
        0.18440411966650316,
        0.18131231161604452,
        0.17678100263852245,
        0.17185866610913653,
        0.16660023913909924,
        0.16257376737102608,
        0.15852769679300294,
        0.15376550760090862,
        0.15139308492782813,
        0.14790892943646053
    ]
}