{
    "recall_vs_K": [
        0.01276595744680851,
        0.006382978723404255,
        0.005673758865248227,
        0.005319148936170213,
        0.005957446808510639,
        0.005673758865248227,
        0.006686930091185411,
        0.005851063829787234,
        0.005200945626477541,
        0.005531914893617021,
        0.005029013539651838,
        0.004964539007092199,
        0.004582651391162029,
        0.00425531914893617,
        0.00425531914893617,
        0.0050531914893617025,
        0.005506883604505632,
        0.005673758865248227,
        0.006047032474804031
    ],
    "precision_vs_K": [
        0.001736111111111111,
        0.001736111111111111,
        0.0023148148148148147,
        0.0028935185185185184,
        0.004050925925925926,
        0.004629629629629629,
        0.00636574074074074,
        0.00636574074074074,
        0.00636574074074074,
        0.007523148148148148,
        0.007523148148148148,
        0.008101851851851851,
        0.008101851851851851,
        0.008101851851851851,
        0.008680555555555556,
        0.01099537037037037,
        0.01273148148148148,
        0.013888888888888888,
        0.015625
    ],
    "f1_vs_K": [
        0.003056546102903719,
        0.0027297543221110098,
        0.0032881216605014385,
        0.003748125937031484,
        0.004822597313124353,
        0.005098789037603569,
        0.006522383634746516,
        0.006097560975609757,
        0.005724694249284413,
        0.006375674350171652,
        0.00602828657546951,
        0.006156552330694811,
        0.00585406648546937,
        0.00557991231566361,
        0.0057110222729868645,
        0.006924198250728863,
        0.0076882753800454305,
        0.008056394763343404,
        0.008719522041014048
    ]
}