{
    "recall_vs_K": [
        0.00851063829787234,
        0.00425531914893617,
        0.0028368794326241137,
        0.0031914893617021275,
        0.005106382978723404,
        0.004964539007092199,
        0.004863221884498481,
        0.00425531914893617,
        0.005200945626477541,
        0.005531914893617021,
        0.006963249516441006,
        0.0070921985815602835,
        0.006873977086743044,
        0.006990881458966565,
        0.006808510638297872,
        0.006382978723404255,
        0.006508135168961202,
        0.006382978723404255,
        0.006494960806270996
    ],
    "precision_vs_K": [
        0.0011574074074074073,
        0.0011574074074074073,
        0.0011574074074074073,
        0.001736111111111111,
        0.003472222222222222,
        0.004050925925925926,
        0.004629629629629629,
        0.004629629629629629,
        0.00636574074074074,
        0.007523148148148148,
        0.010416666666666666,
        0.011574074074074073,
        0.012152777777777778,
        0.013310185185185185,
        0.013888888888888888,
        0.013888888888888888,
        0.015046296296296295,
        0.015625,
        0.01678240740740741
    ],
    "f1_vs_K": [
        0.002037697401935812,
        0.0018198362147406732,
        0.0016440608302507192,
        0.0022488755622188904,
        0.004133654839820874,
        0.004461440407903122,
        0.0047435517343611035,
        0.004434589800443459,
        0.005724694249284413,
        0.006375674350171652,
        0.008346858335265477,
        0.008795074758135443,
        0.008781099728204055,
        0.009166998804304504,
        0.009137635636778982,
        0.008746355685131196,
        0.009086143630962782,
        0.00906344410876133,
        0.009365412562570645
    ]
}