{
    "recall_vs_K": [
        0.6,
        0.5191489361702127,
        0.46808510638297873,
        0.425531914893617,
        0.38382978723404254,
        0.3553191489361702,
        0.3325227963525836,
        0.31117021276595747,
        0.2865248226950355,
        0.2672340425531915,
        0.2541586073500967,
        0.23865248226950356,
        0.2248772504091653,
        0.2121580547112462,
        0.20198581560283688,
        0.1925531914893617,
        0.18448060075093867,
        0.17754137115839244,
        0.17088465845464726
    ],
    "precision_vs_K": [
        0.08159722222222222,
        0.1412037037037037,
        0.1909722222222222,
        0.23148148148148148,
        0.26099537037037035,
        0.2899305555555556,
        0.31655092592592593,
        0.3385416666666667,
        0.3506944444444444,
        0.36342592592592593,
        0.3802083333333333,
        0.3894675925925926,
        0.3975694444444444,
        0.4039351851851852,
        0.41203703703703703,
        0.41898148148148145,
        0.42650462962962965,
        0.43460648148148145,
        0.44155092592592593
    ],
    "f1_vs_K": [
        0.1436576668364748,
        0.22202001819836215,
        0.27127003699136865,
        0.29985007496251875,
        0.3107130554598691,
        0.3193116634799235,
        0.32434034983694043,
        0.32427937915742794,
        0.3153786104605777,
        0.3079941147621383,
        0.3046603292371899,
        0.2959542656112577,
        0.2872674053941041,
        0.27819848545237147,
        0.2710831905577765,
        0.2638483965014577,
        0.25755722523152197,
        0.2520980194696207,
        0.2464072339738414
    ]
}